{"u2496": {"meta": {"character_name": "BETTY", "movie_idx": "m162", "movie_name": "pleasantville", "gender": "f", "credit_pos": "4"}, "vectors": []}, "u2506": {"meta": {"character_name": "JENNIFER", "movie_idx": "m162", "movie_name": "pleasantville", "gender": "f", "credit_pos": "2"}, "vectors": []}, "u2502": {"meta": {"character_name": "DAVID", "movie_idx": "m162", "movie_name": "pleasantville", "gender": "m", "credit_pos": "1"}, "vectors": []}, "u2509": {"meta": {"character_name": "MR. JOHNSON", "movie_idx": "m162", "movie_name": "pleasantville", "gender": "?", "credit_pos": "?"}, "vectors": []}, "u2504": {"meta": {"character_name": "GEORGE", "movie_idx": "m162", "movie_name": "pleasantville", "gender": "m", "credit_pos": "3"}, "vectors": []}, "u2497": {"meta": {"character_name": "BIFF", "movie_idx": "m162", "movie_name": "pleasantville", "gender": "?", "credit_pos": "?"}, "vectors": []}, "u2498": {"meta": {"character_name": "BIG BOB", "movie_idx": "m162", "movie_name": "pleasantville", "gender": "?", "credit_pos": "?"}, "vectors": []}, "u2499": {"meta": {"character_name": "BOB", "movie_idx": "m162", "movie_name": "pleasantville", "gender": "m", "credit_pos": "6"}, "vectors": []}, "u2501": {"meta": {"character_name": "DAN", "movie_idx": "m162", "movie_name": "pleasantville", "gender": "?", "credit_pos": "?"}, "vectors": []}, "u2500": {"meta": {"character_name": "BOY", "movie_idx": "m162", "movie_name": "pleasantville", "gender": "?", "credit_pos": "?"}, "vectors": []}, "u2510": {"meta": {"character_name": "MR. SIMPSON", "movie_idx": "m162", "movie_name": "pleasantville", "gender": "?", "credit_pos": "?"}, "vectors": []}, "u2507": {"meta": {"character_name": "MARGARET", "movie_idx": "m162", "movie_name": "pleasantville", "gender": "f", "credit_pos": "8"}, "vectors": []}, "u2505": {"meta": {"character_name": "HOWARD", "movie_idx": "m162", "movie_name": "pleasantville", "gender": "?", "credit_pos": "?"}, "vectors": []}, "u2503": {"meta": {"character_name": "DICK VAN DYKE", "movie_idx": "m162", "movie_name": "pleasantville", "gender": "M", "credit_pos": "?"}, "vectors": []}, "u2508": {"meta": {"character_name": "MARK", "movie_idx": "m162", "movie_name": "pleasantville", "gender": "?", "credit_pos": "?"}, "vectors": []}, "u3636": {"meta": {"character_name": "CHOIR TEACHER", "movie_idx": "m240", "movie_name": "american pie", "gender": "?", "credit_pos": "?"}, "vectors": []}, "u3648": {"meta": {"character_name": "OZ", "movie_idx": "m240", "movie_name": "american pie", "gender": "m", "credit_pos": "2"}, "vectors": []}, "u3637": {"meta": {"character_name": "COACH MARSHALL", "movie_idx": "m240", "movie_name": "american pie", "gender": "?", "credit_pos": "?"}, "vectors": []}, "u3638": {"meta": {"character_name": "COLLEGE CHICK", "movie_idx": "m240", "movie_name": "american pie", "gender": "?", "credit_pos": "?"}, "vectors": []}, "u3639": {"meta": {"character_name": "FINCH", "movie_idx": "m240", "movie_name": "american pie", "gender": "?", "credit_pos": "?"}, "vectors": []}, "u3642": {"meta": {"character_name": "JIM", "movie_idx": "m240", "movie_name": "american pie", "gender": "m", "credit_pos": "1"}, "vectors": []}, "u3653": {"meta": {"character_name": "STIFLER'S MOM", "movie_idx": "m240", "movie_name": "american pie", "gender": "?", "credit_pos": "?"}, "vectors": []}, "u3644": {"meta": {"character_name": "KEVIN", "movie_idx": "m240", "movie_name": "american pie", "gender": "m", "credit_pos": "3"}, "vectors": []}, "u3640": {"meta": {"character_name": "HEATHER", "movie_idx": "m240", "movie_name": "american pie", "gender": "f", "credit_pos": "11"}, "vectors": []}, "u3641": {"meta": {"character_name": "JESSICA", "movie_idx": "m240", "movie_name": "american pie", "gender": "f", "credit_pos": "10"}, "vectors": []}, "u3654": {"meta": {"character_name": "VICKY", "movie_idx": "m240", "movie_name": "american pie", "gender": "f", "credit_pos": "6"}, "vectors": []}, "u3649": {"meta": {"character_name": "PORNO-CHANNEL CHICK", "movie_idx": "m240", "movie_name": "american pie", "gender": "?", "credit_pos": "?"}, "vectors": []}, "u3643": {"meta": {"character_name": "JIM'S DAD", "movie_idx": "m240", "movie_name": "american pie", "gender": "?", "credit_pos": "?"}, "vectors": []}, "u3646": {"meta": {"character_name": "MICHELLE", "movie_idx": "m240", "movie_name": "american pie", "gender": "f", "credit_pos": "4"}, "vectors": []}, "u3650": {"meta": {"character_name": "SHERMAN", "movie_idx": "m240", "movie_name": "american pie", "gender": "?", "credit_pos": "?"}, "vectors": []}, "u3647": {"meta": {"character_name": "NADIA", "movie_idx": "m240", "movie_name": "american pie", "gender": "?", "credit_pos": "?"}, "vectors": []}, "u3652": {"meta": {"character_name": "STIFLER", "movie_idx": "m240", "movie_name": "american pie", "gender": "m", "credit_pos": "8"}, "vectors": []}, "u3645": {"meta": {"character_name": "KEVIN'S BROTHER", "movie_idx": "m240", "movie_name": "american pie", "gender": "?", "credit_pos": "?"}, "vectors": []}, "u3651": {"meta": {"character_name": "SOPHOMORE CHICK", "movie_idx": "m240", "movie_name": "american pie", "gender": "?", "credit_pos": "?"}, "vectors": []}, "u4136": {"meta": {"character_name": "GEORGE", "movie_idx": "m276", "movie_name": "blow", "gender": "m", "credit_pos": "1"}, "vectors": []}, "u4123": {"meta": {"character_name": "ALESSANDRO", "movie_idx": "m276", "movie_name": "blow", "gender": "?", "credit_pos": "?"}, "vectors": []}, "u4124": {"meta": {"character_name": "AUGUSTO", "movie_idx": "m276", "movie_name": "blow", "gender": "?", "credit_pos": "?"}, "vectors": []}, "u4141": {"meta": {"character_name": "MIRTHA", "movie_idx": "m276", "movie_name": "blow", "gender": "f", "credit_pos": "2"}, "vectors": []}, "u4125": {"meta": {"character_name": "BARBARA", "movie_idx": "m276", "movie_name": "blow", "gender": "f", "credit_pos": "3"}, "vectors": []}, "u4144": {"meta": {"character_name": "TUNA", "movie_idx": "m276", "movie_name": "blow", "gender": "?", "credit_pos": "?"}, "vectors": []}, "u4126": {"meta": {"character_name": "CALIBANOS", "movie_idx": "m276", "movie_name": "blow", "gender": "?", "credit_pos": "?"}, "vectors": []}, "u4127": {"meta": {"character_name": "CESAR", "movie_idx": "m276", "movie_name": "blow", "gender": "?", "credit_pos": "?"}, "vectors": []}, "u4128": {"meta": {"character_name": "DEREK", "movie_idx": "m276", "movie_name": "blow", "gender": "m", "credit_pos": "5"}, "vectors": []}, "u4129": {"meta": {"character_name": "DETECTIVE #1", "movie_idx": "m276", "movie_name": "blow", "gender": "?", "credit_pos": "?"}, "vectors": []}, "u4130": {"meta": {"character_name": "DIEGO", "movie_idx": "m276", "movie_name": "blow", "gender": "m", "credit_pos": "6"}, "vectors": []}, "u4131": {"meta": {"character_name": "DR. BAY", "movie_idx": "m276", "movie_name": "blow", "gender": "?", "credit_pos": "?"}, "vectors": []}, "u4132": {"meta": {"character_name": "ERMINE", "movie_idx": "m276", "movie_name": "blow", "gender": "?", "credit_pos": "?"}, "vectors": []}, "u4134": {"meta": {"character_name": "FRED", "movie_idx": "m276", "movie_name": "blow", "gender": "m", "credit_pos": "10"}, "vectors": []}, "u4133": {"meta": {"character_name": "ESCOBAR", "movie_idx": "m276", "movie_name": "blow", "gender": "m", "credit_pos": "7"}, "vectors": []}, "u4135": {"meta": {"character_name": "GARCIA", "movie_idx": "m276", "movie_name": "blow", "gender": "?", "credit_pos": "?"}, "vectors": []}, "u4139": {"meta": {"character_name": "KRISTINA", "movie_idx": "m276", "movie_name": "blow", "gender": "f", "credit_pos": "22"}, "vectors": []}, "u4137": {"meta": {"character_name": "GUS", "movie_idx": "m276", "movie_name": "blow", "gender": "?", "credit_pos": "?"}, "vectors": []}, "u4142": {"meta": {"character_name": "PROSECUTOR", "movie_idx": "m276", "movie_name": "blow", "gender": "?", "credit_pos": "?"}, "vectors": []}, "u4140": {"meta": {"character_name": "LEON", "movie_idx": "m276", "movie_name": "blow", "gender": "?", "credit_pos": "?"}, "vectors": []}, "u4143": {"meta": {"character_name": "SANTIAGO", "movie_idx": "m276", "movie_name": "blow", "gender": "?", "credit_pos": "?"}, "vectors": []}, "u4138": {"meta": {"character_name": "KEVIN", "movie_idx": "m276", "movie_name": "blow", "gender": "?", "credit_pos": "?"}, "vectors": []}, "u5136": {"meta": {"character_name": "BURKE", "movie_idx": "m341", "movie_name": "the exorcist", "gender": "?", "credit_pos": "?"}, "vectors": []}, "u5138": {"meta": {"character_name": "CHRIS", "movie_idx": "m341", "movie_name": "the exorcist", "gender": "f", "credit_pos": "1"}, "vectors": []}, "u5149": {"meta": {"character_name": "PRESIDENT", "movie_idx": "m341", "movie_name": "the exorcist", "gender": "?", "credit_pos": "?"}, "vectors": []}, "u5137": {"meta": {"character_name": "CARDINAL", "movie_idx": "m341", "movie_name": "the exorcist", "gender": "?", "credit_pos": "?"}, "vectors": []}, "u5144": {"meta": {"character_name": "KARRAS", "movie_idx": "m341", "movie_name": "the exorcist", "gender": "m", "credit_pos": "6"}, "vectors": []}, "u5139": {"meta": {"character_name": "CLINIC DIRECTOR", "movie_idx": "m341", "movie_name": "the exorcist", "gender": "?", "credit_pos": "?"}, "vectors": []}, "u5153": {"meta": {"character_name": "SHARON", "movie_idx": "m341", "movie_name": "the exorcist", "gender": "f", "credit_pos": "4"}, "vectors": []}, "u5145": {"meta": {"character_name": "KINDERMAN", "movie_idx": "m341", "movie_name": "the exorcist", "gender": "m", "credit_pos": "3"}, "vectors": []}, "u5143": {"meta": {"character_name": "KARL", "movie_idx": "m341", "movie_name": "the exorcist", "gender": "?", "credit_pos": "?"}, "vectors": []}, "u5155": {"meta": {"character_name": "WILLIE", "movie_idx": "m341", "movie_name": "the exorcist", "gender": "?", "credit_pos": "?"}, "vectors": []}, "u5140": {"meta": {"character_name": "DR. KLEIN", "movie_idx": "m341", "movie_name": "the exorcist", "gender": "m", "credit_pos": "9"}, "vectors": []}, "u5151": {"meta": {"character_name": "REGAN", "movie_idx": "m341", "movie_name": "the exorcist", "gender": "f", "credit_pos": "7"}, "vectors": []}, "u5142": {"meta": {"character_name": "FATHER DYER", "movie_idx": "m341", "movie_name": "the exorcist", "gender": "?", "credit_pos": "?"}, "vectors": []}, "u5141": {"meta": {"character_name": "DR. TANNEY", "movie_idx": "m341", "movie_name": "the exorcist", "gender": "?", "credit_pos": "?"}, "vectors": []}, "u5152": {"meta": {"character_name": "REGAN/DEMON", "movie_idx": "m341", "movie_name": "the exorcist", "gender": "?", "credit_pos": "?"}, "vectors": []}, "u5147": {"meta": {"character_name": "MRS.KARRAS", "movie_idx": "m341", "movie_name": "the exorcist", "gender": "?", "credit_pos": "?"}, "vectors": []}, "u5146": {"meta": {"character_name": "MERRIN", "movie_idx": "m341", "movie_name": "the exorcist", "gender": "m", "credit_pos": "2"}, "vectors": []}, "u5148": {"meta": {"character_name": "NURSE", "movie_idx": "m341", "movie_name": "the exorcist", "gender": "?", "credit_pos": "?"}, "vectors": []}, "u5154": {"meta": {"character_name": "UNCLE", "movie_idx": "m341", "movie_name": "the exorcist", "gender": "?", "credit_pos": "?"}, "vectors": []}, "u5150": {"meta": {"character_name": "PSYCHIATRIST", "movie_idx": "m341", "movie_name": "the exorcist", "gender": "?", "credit_pos": "?"}, "vectors": []}, "u5256": {"meta": {"character_name": "ANGEL FACE", "movie_idx": "m348", "movie_name": "fight club", "gender": "?", "credit_pos": "?"}, "vectors": []}, "u5262": {"meta": {"character_name": "JACK", "movie_idx": "m348", "movie_name": "fight club", "gender": "M", "credit_pos": "?"}, "vectors": []}, "u5257": {"meta": {"character_name": "BANDAGED PROPRIETOR", "movie_idx": "m348", "movie_name": "fight club", "gender": "?", "credit_pos": "?"}, "vectors": []}, "u5258": {"meta": {"character_name": "BOB", "movie_idx": "m348", "movie_name": "fight club", "gender": "?", "credit_pos": "?"}, "vectors": []}, "u5259": {"meta": {"character_name": "BOSS", "movie_idx": "m348", "movie_name": "fight club", "gender": "?", "credit_pos": "?"}, "vectors": []}, "u5260": {"meta": {"character_name": "DETECTIVE STERN", "movie_idx": "m348", "movie_name": "fight club", "gender": "?", "credit_pos": "?"}, "vectors": []}, "u5261": {"meta": {"character_name": "INTERN", "movie_idx": "m348", "movie_name": "fight club", "gender": "?", "credit_pos": "?"}, "vectors": []}, "u5265": {"meta": {"character_name": "MARLA", "movie_idx": "m348", "movie_name": "fight club", "gender": "f", "credit_pos": "3"}, "vectors": []}, "u5270": {"meta": {"character_name": "TYLER'S VOICE", "movie_idx": "m348", "movie_name": "fight club", "gender": "?", "credit_pos": "?"}, "vectors": []}, "u5272": {"meta": {"character_name": "WOUNDED BARTENDER", "movie_idx": "m348", "movie_name": "fight club", "gender": "?", "credit_pos": "?"}, "vectors": []}, "u5268": {"meta": {"character_name": "SECURITY TFM", "movie_idx": "m348", "movie_name": "fight club", "gender": "?", "credit_pos": "?"}, "vectors": []}, "u5263": {"meta": {"character_name": "LEADER", "movie_idx": "m348", "movie_name": "fight club", "gender": "?", "credit_pos": "?"}, "vectors": []}, "u5269": {"meta": {"character_name": "TYLER", "movie_idx": "m348", "movie_name": "fight club", "gender": "m", "credit_pos": "2"}, "vectors": []}, "u5271": {"meta": {"character_name": "VOICE", "movie_idx": "m348", "movie_name": "fight club", "gender": "?", "credit_pos": "?"}, "vectors": []}, "u5267": {"meta": {"character_name": "RICKY", "movie_idx": "m348", "movie_name": "fight club", "gender": "?", "credit_pos": "?"}, "vectors": []}, "u5264": {"meta": {"character_name": "LOU", "movie_idx": "m348", "movie_name": "fight club", "gender": "?", "credit_pos": "?"}, "vectors": []}, "u5266": {"meta": {"character_name": "RAYMOND", "movie_idx": "m348", "movie_name": "fight club", "gender": "?", "credit_pos": "?"}, "vectors": []}, "u6897": {"meta": {"character_name": "BELLA", "movie_idx": "m462", "movie_name": "notting hill", "gender": "?", "credit_pos": "?"}, "vectors": []}, "u6896": {"meta": {"character_name": "ANNA", "movie_idx": "m462", "movie_name": "notting hill", "gender": "f", "credit_pos": "1"}, "vectors": []}, "u6906": {"meta": {"character_name": "MAX", "movie_idx": "m462", "movie_name": "notting hill", "gender": "m", "credit_pos": "16"}, "vectors": []}, "u6901": {"meta": {"character_name": "JAMES", "movie_idx": "m462", "movie_name": "notting hill", "gender": "?", "credit_pos": "?"}, "vectors": []}, "u6898": {"meta": {"character_name": "BERNIE", "movie_idx": "m462", "movie_name": "notting hill", "gender": "?", "credit_pos": "?"}, "vectors": []}, "u6912": {"meta": {"character_name": "WILLIAM", "movie_idx": "m462", "movie_name": "notting hill", "gender": "m", "credit_pos": "2"}, "vectors": []}, "u6902": {"meta": {"character_name": "JEFF", "movie_idx": "m462", "movie_name": "notting hill", "gender": "?", "credit_pos": "?"}, "vectors": []}, "u6911": {"meta": {"character_name": "THIEF", "movie_idx": "m462", "movie_name": "notting hill", "gender": "?", "credit_pos": "?"}, "vectors": []}, "u6905": {"meta": {"character_name": "MARTIN", "movie_idx": "m462", "movie_name": "notting hill", "gender": "?", "credit_pos": "?"}, "vectors": []}, "u6899": {"meta": {"character_name": "GIRL", "movie_idx": "m462", "movie_name": "notting hill", "gender": "?", "credit_pos": "?"}, "vectors": []}, "u6900": {"meta": {"character_name": "HONEY", "movie_idx": "m462", "movie_name": "notting hill", "gender": "?", "credit_pos": "?"}, "vectors": []}, "u6909": {"meta": {"character_name": "SPIKE", "movie_idx": "m462", "movie_name": "notting hill", "gender": "m", "credit_pos": "4"}, "vectors": []}, "u6903": {"meta": {"character_name": "KAREN", "movie_idx": "m462", "movie_name": "notting hill", "gender": "?", "credit_pos": "?"}, "vectors": []}, "u6904": {"meta": {"character_name": "MALE LEAD", "movie_idx": "m462", "movie_name": "notting hill", "gender": "?", "credit_pos": "?"}, "vectors": []}, "u6907": {"meta": {"character_name": "RITZ MAN", "movie_idx": "m462", "movie_name": "notting hill", "gender": "?", "credit_pos": "?"}, "vectors": []}, "u6908": {"meta": {"character_name": "SECURITY", "movie_idx": "m462", "movie_name": "notting hill", "gender": "?", "credit_pos": "?"}, "vectors": []}, "u6910": {"meta": {"character_name": "TARQUIN", "movie_idx": "m462", "movie_name": "notting hill", "gender": "?", "credit_pos": "?"}, "vectors": []}, "u7037": {"meta": {"character_name": "ANDREW", "movie_idx": "m471", "movie_name": "philadelphia", "gender": "m", "credit_pos": "1"}, "vectors": []}, "u7051": {"meta": {"character_name": "SEIDMAN", "movie_idx": "m471", "movie_name": "philadelphia", "gender": "?", "credit_pos": "?"}, "vectors": []}, "u7044": {"meta": {"character_name": "KENTON", "movie_idx": "m471", "movie_name": "philadelphia", "gender": "?", "credit_pos": "?"}, "vectors": []}, "u7047": {"meta": {"character_name": "MIGUEL", "movie_idx": "m471", "movie_name": "philadelphia", "gender": "m", "credit_pos": "21"}, "vectors": []}, "u7052": {"meta": {"character_name": "WHEELER", "movie_idx": "m471", "movie_name": "philadelphia", "gender": "?", "credit_pos": "?"}, "vectors": []}, "u7041": {"meta": {"character_name": "INTERN", "movie_idx": "m471", "movie_name": "philadelphia", "gender": "?", "credit_pos": "?"}, "vectors": []}, "u7042": {"meta": {"character_name": "JOE", "movie_idx": "m471", "movie_name": "philadelphia", "gender": "m", "credit_pos": "2"}, "vectors": []}, "u7049": {"meta": {"character_name": "RACHEL", "movie_idx": "m471", "movie_name": "philadelphia", "gender": "?", "credit_pos": "?"}, "vectors": []}, "u7039": {"meta": {"character_name": "BELINDA", "movie_idx": "m471", "movie_name": "philadelphia", "gender": "f", "credit_pos": "62"}, "vectors": []}, "u7050": {"meta": {"character_name": "SARAH", "movie_idx": "m471", "movie_name": "philadelphia", "gender": "?", "credit_pos": "?"}, "vectors": []}, "u7038": {"meta": {"character_name": "ANTHEA", "movie_idx": "m471", "movie_name": "philadelphia", "gender": "?", "credit_pos": "?"}, "vectors": []}, "u7040": {"meta": {"character_name": "DR. ARMBRUSTER", "movie_idx": "m471", "movie_name": "philadelphia", "gender": "?", "credit_pos": "?"}, "vectors": []}, "u7045": {"meta": {"character_name": "LAIRD", "movie_idx": "m471", "movie_name": "philadelphia", "gender": "?", "credit_pos": "?"}, "vectors": []}, "u7053": {"meta": {"character_name": "YOUNG MAN", "movie_idx": "m471", "movie_name": "philadelphia", "gender": "?", "credit_pos": "?"}, "vectors": []}, "u7046": {"meta": {"character_name": "LISA", "movie_idx": "m471", "movie_name": "philadelphia", "gender": "m", "credit_pos": "20"}, "vectors": []}, "u7048": {"meta": {"character_name": "MRS. FINLEY", "movie_idx": "m471", "movie_name": "philadelphia", "gender": "?", "credit_pos": "?"}, "vectors": []}, "u7043": {"meta": {"character_name": "JUDGE GARNETT", "movie_idx": "m471", "movie_name": "philadelphia", "gender": "?", "credit_pos": "?"}, "vectors": []}, "u7131": {"meta": {"character_name": "BRIDGET", "movie_idx": "m479", "movie_name": "pretty woman", "gender": "?", "credit_pos": "?"}, "vectors": []}, "u7142": {"meta": {"character_name": "VIVIAN", "movie_idx": "m479", "movie_name": "pretty woman", "gender": "f", "credit_pos": "2"}, "vectors": []}, "u7132": {"meta": {"character_name": "DAVID", "movie_idx": "m479", "movie_name": "pretty woman", "gender": "?", "credit_pos": "?"}, "vectors": []}, "u7133": {"meta": {"character_name": "EDWARD", "movie_idx": "m479", "movie_name": "pretty woman", "gender": "m", "credit_pos": "1"}, "vectors": []}, "u7134": {"meta": {"character_name": "JAKE", "movie_idx": "m479", "movie_name": "pretty woman", "gender": "?", "credit_pos": "?"}, "vectors": []}, "u7136": {"meta": {"character_name": "KROSS", "movie_idx": "m479", "movie_name": "pretty woman", "gender": "?", "credit_pos": "?"}, "vectors": []}, "u7139": {"meta": {"character_name": "MR. THOMAS", "movie_idx": "m479", "movie_name": "pretty woman", "gender": "m", "credit_pos": "?"}, "vectors": []}, "u7141": {"meta": {"character_name": "STUCKEY", "movie_idx": "m479", "movie_name": "pretty woman", "gender": "m", "credit_pos": "4"}, "vectors": []}, "u7135": {"meta": {"character_name": "KIT", "movie_idx": "m479", "movie_name": "pretty woman", "gender": "f", "credit_pos": "5"}, "vectors": []}, "u7137": {"meta": {"character_name": "LANDLORD", "movie_idx": "m479", "movie_name": "pretty woman", "gender": "?", "credit_pos": "?"}, "vectors": []}, "u7138": {"meta": {"character_name": "MAID", "movie_idx": "m479", "movie_name": "pretty woman", "gender": "?", "credit_pos": "?"}, "vectors": []}, "u7140": {"meta": {"character_name": "SALESWOMAN", "movie_idx": "m479", "movie_name": "pretty woman", "gender": "?", "credit_pos": "?"}, "vectors": []}, "u9014": {"meta": {"character_name": "CORNELIUS WALDMAN", "movie_idx": "m615", "movie_name": "young frankenstein", "gender": "?", "credit_pos": "?"}, "vectors": []}, "u9011": {"meta": {"character_name": "ANASTASIA", "movie_idx": "m615", "movie_name": "young frankenstein", "gender": "?", "credit_pos": "?"}, "vectors": []}, "u9012": {"meta": {"character_name": "BURGOMEISTER", "movie_idx": "m615", "movie_name": "young frankenstein", "gender": "?", "credit_pos": "?"}, "vectors": []}, "u9017": {"meta": {"character_name": "FREDDY", "movie_idx": "m615", "movie_name": "young frankenstein", "gender": "M", "credit_pos": "?"}, "vectors": []}, "u9013": {"meta": {"character_name": "CARLSON", "movie_idx": "m615", "movie_name": "young frankenstein", "gender": "?", "credit_pos": "?"}, "vectors": []}, "u9018": {"meta": {"character_name": "HERR FALKSTEIN", "movie_idx": "m615", "movie_name": "young frankenstein", "gender": "?", "credit_pos": "?"}, "vectors": []}, "u9023": {"meta": {"character_name": "MONSTER", "movie_idx": "m615", "movie_name": "young frankenstein", "gender": "?", "credit_pos": "?"}, "vectors": []}, "u9015": {"meta": {"character_name": "ELIZABETH", "movie_idx": "m615", "movie_name": "young frankenstein", "gender": "f", "credit_pos": "25"}, "vectors": []}, "u9019": {"meta": {"character_name": "IGOR", "movie_idx": "m615", "movie_name": "young frankenstein", "gender": "m", "credit_pos": "3"}, "vectors": []}, "u9016": {"meta": {"character_name": "FRAU BLUCHER", "movie_idx": "m615", "movie_name": "young frankenstein", "gender": "?", "credit_pos": "?"}, "vectors": []}, "u9022": {"meta": {"character_name": "MEDICAL STUDENT", "movie_idx": "m615", "movie_name": "young frankenstein", "gender": "m", "credit_pos": "9"}, "vectors": []}, "u9024": {"meta": {"character_name": "OLD VIOLINIST", "movie_idx": "m615", "movie_name": "young frankenstein", "gender": "?", "credit_pos": "?"}, "vectors": []}, "u9020": {"meta": {"character_name": "INGA", "movie_idx": "m615", "movie_name": "young frankenstein", "gender": "f", "credit_pos": "5"}, "vectors": []}, "u9021": {"meta": {"character_name": "MAITRE D'", "movie_idx": "m615", "movie_name": "young frankenstein", "gender": "?", "credit_pos": "?"}, "vectors": []}}