{"u2470": {"meta": {"character_name": "JACK", "movie_idx": "m159", "movie_name": "pirates of the caribbean", "gender": "m", "credit_pos": "1000"}, "vectors": []}, "u2465": {"meta": {"character_name": "ANAMARIA", "movie_idx": "m159", "movie_name": "pirates of the caribbean", "gender": "?", "credit_pos": "?"}, "vectors": []}, "u2476": {"meta": {"character_name": "WILL", "movie_idx": "m159", "movie_name": "pirates of the caribbean", "gender": "M", "credit_pos": "?"}, "vectors": []}, "u2466": {"meta": {"character_name": "BARBOSSA", "movie_idx": "m159", "movie_name": "pirates of the caribbean", "gender": "m", "credit_pos": "?"}, "vectors": []}, "u2474": {"meta": {"character_name": "PINTEL", "movie_idx": "m159", "movie_name": "pirates of the caribbean", "gender": "?", "credit_pos": "?"}, "vectors": []}, "u2467": {"meta": {"character_name": "ELIZABETH", "movie_idx": "m159", "movie_name": "pirates of the caribbean", "gender": "f", "credit_pos": "?"}, "vectors": []}, "u2473": {"meta": {"character_name": "NORRINGTON", "movie_idx": "m159", "movie_name": "pirates of the caribbean", "gender": "?", "credit_pos": "?"}, "vectors": []}, "u2475": {"meta": {"character_name": "SWANN", "movie_idx": "m159", "movie_name": "pirates of the caribbean", "gender": "?", "credit_pos": "?"}, "vectors": []}, "u2468": {"meta": {"character_name": "GIBBS", "movie_idx": "m159", "movie_name": "pirates of the caribbean", "gender": "?", "credit_pos": "?"}, "vectors": []}, "u2469": {"meta": {"character_name": "GILLETTE", "movie_idx": "m159", "movie_name": "pirates of the caribbean", "gender": "?", "credit_pos": "?"}, "vectors": []}, "u2472": {"meta": {"character_name": "MURTOGG", "movie_idx": "m159", "movie_name": "pirates of the caribbean", "gender": "?", "credit_pos": "?"}, "vectors": []}, "u2471": {"meta": {"character_name": "MULLROY", "movie_idx": "m159", "movie_name": "pirates of the caribbean", "gender": "?", "credit_pos": "?"}, "vectors": []}, "u6871": {"meta": {"character_name": "LOCK", "movie_idx": "m459", "movie_name": "the nightmare before christmas", "gender": "?", "credit_pos": "?"}, "vectors": []}, "u6868": {"meta": {"character_name": "BARREL", "movie_idx": "m459", "movie_name": "the nightmare before christmas", "gender": "?", "credit_pos": "?"}, "vectors": []}, "u6873": {"meta": {"character_name": "SHOCK", "movie_idx": "m459", "movie_name": "the nightmare before christmas", "gender": "?", "credit_pos": "?"}, "vectors": []}, "u6872": {"meta": {"character_name": "SALLY", "movie_idx": "m459", "movie_name": "the nightmare before christmas", "gender": "f", "credit_pos": "3"}, "vectors": []}, "u6869": {"meta": {"character_name": "EVIL SCIENTIST", "movie_idx": "m459", "movie_name": "the nightmare before christmas", "gender": "?", "credit_pos": "?"}, "vectors": []}, "u6870": {"meta": {"character_name": "JACK", "movie_idx": "m459", "movie_name": "the nightmare before christmas", "gender": "?", "credit_pos": "?"}, "vectors": []}, "u6874": {"meta": {"character_name": "VARIOUS PEOPLE", "movie_idx": "m459", "movie_name": "the nightmare before christmas", "gender": "?", "credit_pos": "?"}, "vectors": []}, "u7037": {"meta": {"character_name": "ANDREW", "movie_idx": "m471", "movie_name": "philadelphia", "gender": "m", "credit_pos": "1"}, "vectors": []}, "u7051": {"meta": {"character_name": "SEIDMAN", "movie_idx": "m471", "movie_name": "philadelphia", "gender": "?", "credit_pos": "?"}, "vectors": []}, "u7044": {"meta": {"character_name": "KENTON", "movie_idx": "m471", "movie_name": "philadelphia", "gender": "?", "credit_pos": "?"}, "vectors": []}, "u7047": {"meta": {"character_name": "MIGUEL", "movie_idx": "m471", "movie_name": "philadelphia", "gender": "m", "credit_pos": "21"}, "vectors": []}, "u7052": {"meta": {"character_name": "WHEELER", "movie_idx": "m471", "movie_name": "philadelphia", "gender": "?", "credit_pos": "?"}, "vectors": []}, "u7041": {"meta": {"character_name": "INTERN", "movie_idx": "m471", "movie_name": "philadelphia", "gender": "?", "credit_pos": "?"}, "vectors": []}, "u7042": {"meta": {"character_name": "JOE", "movie_idx": "m471", "movie_name": "philadelphia", "gender": "m", "credit_pos": "2"}, "vectors": []}, "u7049": {"meta": {"character_name": "RACHEL", "movie_idx": "m471", "movie_name": "philadelphia", "gender": "?", "credit_pos": "?"}, "vectors": []}, "u7039": {"meta": {"character_name": "BELINDA", "movie_idx": "m471", "movie_name": "philadelphia", "gender": "f", "credit_pos": "62"}, "vectors": []}, "u7050": {"meta": {"character_name": "SARAH", "movie_idx": "m471", "movie_name": "philadelphia", "gender": "?", "credit_pos": "?"}, "vectors": []}, "u7038": {"meta": {"character_name": "ANTHEA", "movie_idx": "m471", "movie_name": "philadelphia", "gender": "?", "credit_pos": "?"}, "vectors": []}, "u7040": {"meta": {"character_name": "DR. ARMBRUSTER", "movie_idx": "m471", "movie_name": "philadelphia", "gender": "?", "credit_pos": "?"}, "vectors": []}, "u7045": {"meta": {"character_name": "LAIRD", "movie_idx": "m471", "movie_name": "philadelphia", "gender": "?", "credit_pos": "?"}, "vectors": []}, "u7053": {"meta": {"character_name": "YOUNG MAN", "movie_idx": "m471", "movie_name": "philadelphia", "gender": "?", "credit_pos": "?"}, "vectors": []}, "u7046": {"meta": {"character_name": "LISA", "movie_idx": "m471", "movie_name": "philadelphia", "gender": "m", "credit_pos": "20"}, "vectors": []}, "u7048": {"meta": {"character_name": "MRS. FINLEY", "movie_idx": "m471", "movie_name": "philadelphia", "gender": "?", "credit_pos": "?"}, "vectors": []}, "u7043": {"meta": {"character_name": "JUDGE GARNETT", "movie_idx": "m471", "movie_name": "philadelphia", "gender": "?", "credit_pos": "?"}, "vectors": []}, "u7131": {"meta": {"character_name": "BRIDGET", "movie_idx": "m479", "movie_name": "pretty woman", "gender": "?", "credit_pos": "?"}, "vectors": []}, "u7142": {"meta": {"character_name": "VIVIAN", "movie_idx": "m479", "movie_name": "pretty woman", "gender": "f", "credit_pos": "2"}, "vectors": []}, "u7132": {"meta": {"character_name": "DAVID", "movie_idx": "m479", "movie_name": "pretty woman", "gender": "?", "credit_pos": "?"}, "vectors": []}, "u7133": {"meta": {"character_name": "EDWARD", "movie_idx": "m479", "movie_name": "pretty woman", "gender": "m", "credit_pos": "1"}, "vectors": []}, "u7134": {"meta": {"character_name": "JAKE", "movie_idx": "m479", "movie_name": "pretty woman", "gender": "?", "credit_pos": "?"}, "vectors": []}, "u7136": {"meta": {"character_name": "KROSS", "movie_idx": "m479", "movie_name": "pretty woman", "gender": "?", "credit_pos": "?"}, "vectors": []}, "u7139": {"meta": {"character_name": "MR. THOMAS", "movie_idx": "m479", "movie_name": "pretty woman", "gender": "m", "credit_pos": "?"}, "vectors": []}, "u7141": {"meta": {"character_name": "STUCKEY", "movie_idx": "m479", "movie_name": "pretty woman", "gender": "m", "credit_pos": "4"}, "vectors": []}, "u7135": {"meta": {"character_name": "KIT", "movie_idx": "m479", "movie_name": "pretty woman", "gender": "f", "credit_pos": "5"}, "vectors": []}, "u7137": {"meta": {"character_name": "LANDLORD", "movie_idx": "m479", "movie_name": "pretty woman", "gender": "?", "credit_pos": "?"}, "vectors": []}, "u7138": {"meta": {"character_name": "MAID", "movie_idx": "m479", "movie_name": "pretty woman", "gender": "?", "credit_pos": "?"}, "vectors": []}, "u7140": {"meta": {"character_name": "SALESWOMAN", "movie_idx": "m479", "movie_name": "pretty woman", "gender": "?", "credit_pos": "?"}, "vectors": []}, "u7643": {"meta": {"character_name": "BALTUS", "movie_idx": "m517", "movie_name": "sleepy hollow", "gender": "?", "credit_pos": "?"}, "vectors": []}, "u7649": {"meta": {"character_name": "ICHABOD", "movie_idx": "m517", "movie_name": "sleepy hollow", "gender": "m", "credit_pos": "1"}, "vectors": []}, "u7644": {"meta": {"character_name": "BROM", "movie_idx": "m517", "movie_name": "sleepy hollow", "gender": "?", "credit_pos": "?"}, "vectors": []}, "u7645": {"meta": {"character_name": "DOCTOR LANCASTER", "movie_idx": "m517", "movie_name": "sleepy hollow", "gender": "m", "credit_pos": "8"}, "vectors": []}, "u7646": {"meta": {"character_name": "FATHER STEENWYCK", "movie_idx": "m517", "movie_name": "sleepy hollow", "gender": "m", "credit_pos": "?"}, "vectors": []}, "u7647": {"meta": {"character_name": "HARDENBROOK", "movie_idx": "m517", "movie_name": "sleepy hollow", "gender": "?", "credit_pos": "?"}, "vectors": []}, "u7648": {"meta": {"character_name": "HIGH CONSTABLE", "movie_idx": "m517", "movie_name": "sleepy hollow", "gender": "?", "credit_pos": "?"}, "vectors": []}, "u7651": {"meta": {"character_name": "KILLIAN", "movie_idx": "m517", "movie_name": "sleepy hollow", "gender": "?", "credit_pos": "?"}, "vectors": []}, "u7654": {"meta": {"character_name": "PHILIPSE", "movie_idx": "m517", "movie_name": "sleepy hollow", "gender": "?", "credit_pos": "?"}, "vectors": []}, "u7658": {"meta": {"character_name": "YOUNG MASBATH", "movie_idx": "m517", "movie_name": "sleepy hollow", "gender": "m", "credit_pos": "11"}, "vectors": []}, "u7650": {"meta": {"character_name": "KATRINA", "movie_idx": "m517", "movie_name": "sleepy hollow", "gender": "f", "credit_pos": "2"}, "vectors": []}, "u7652": {"meta": {"character_name": "LADY VAN TASSEL", "movie_idx": "m517", "movie_name": "sleepy hollow", "gender": "?", "credit_pos": "?"}, "vectors": []}, "u7656": {"meta": {"character_name": "VAN RIPPER", "movie_idx": "m517", "movie_name": "sleepy hollow", "gender": "?", "credit_pos": "?"}, "vectors": []}, "u7653": {"meta": {"character_name": "OLD CRONE", "movie_idx": "m517", "movie_name": "sleepy hollow", "gender": "?", "credit_pos": "?"}, "vectors": []}, "u7655": {"meta": {"character_name": "THIRD MAN", "movie_idx": "m517", "movie_name": "sleepy hollow", "gender": "?", "credit_pos": "?"}, "vectors": []}, "u7657": {"meta": {"character_name": "YOUNG ICHABOD", "movie_idx": "m517", "movie_name": "sleepy hollow", "gender": "?", "credit_pos": "?"}, "vectors": []}, "u9014": {"meta": {"character_name": "CORNELIUS WALDMAN", "movie_idx": "m615", "movie_name": "young frankenstein", "gender": "?", "credit_pos": "?"}, "vectors": []}, "u9011": {"meta": {"character_name": "ANASTASIA", "movie_idx": "m615", "movie_name": "young frankenstein", "gender": "?", "credit_pos": "?"}, "vectors": []}, "u9012": {"meta": {"character_name": "BURGOMEISTER", "movie_idx": "m615", "movie_name": "young frankenstein", "gender": "?", "credit_pos": "?"}, "vectors": []}, "u9017": {"meta": {"character_name": "FREDDY", "movie_idx": "m615", "movie_name": "young frankenstein", "gender": "M", "credit_pos": "?"}, "vectors": []}, "u9013": {"meta": {"character_name": "CARLSON", "movie_idx": "m615", "movie_name": "young frankenstein", "gender": "?", "credit_pos": "?"}, "vectors": []}, "u9018": {"meta": {"character_name": "HERR FALKSTEIN", "movie_idx": "m615", "movie_name": "young frankenstein", "gender": "?", "credit_pos": "?"}, "vectors": []}, "u9023": {"meta": {"character_name": "MONSTER", "movie_idx": "m615", "movie_name": "young frankenstein", "gender": "?", "credit_pos": "?"}, "vectors": []}, "u9015": {"meta": {"character_name": "ELIZABETH", "movie_idx": "m615", "movie_name": "young frankenstein", "gender": "f", "credit_pos": "25"}, "vectors": []}, "u9019": {"meta": {"character_name": "IGOR", "movie_idx": "m615", "movie_name": "young frankenstein", "gender": "m", "credit_pos": "3"}, "vectors": []}, "u9016": {"meta": {"character_name": "FRAU BLUCHER", "movie_idx": "m615", "movie_name": "young frankenstein", "gender": "?", "credit_pos": "?"}, "vectors": []}, "u9022": {"meta": {"character_name": "MEDICAL STUDENT", "movie_idx": "m615", "movie_name": "young frankenstein", "gender": "m", "credit_pos": "9"}, "vectors": []}, "u9024": {"meta": {"character_name": "OLD VIOLINIST", "movie_idx": "m615", "movie_name": "young frankenstein", "gender": "?", "credit_pos": "?"}, "vectors": []}, "u9020": {"meta": {"character_name": "INGA", "movie_idx": "m615", "movie_name": "young frankenstein", "gender": "f", "credit_pos": "5"}, "vectors": []}, "u9021": {"meta": {"character_name": "MAITRE D'", "movie_idx": "m615", "movie_name": "young frankenstein", "gender": "?", "credit_pos": "?"}, "vectors": []}}